{
  "model": "LightGBM",
  "auc": 0.9377475040202417,
  "precision": 0.9815375294248502,
  "recall": 0.9400613466083371,
  "f1": 0.9573306910939445,
  "support": 19887
}