{
  "MAE": 1375.5822408783774,
  "R2": 0.6618158348692307,
  "mean_actual": 2404.9614189189188,
  "mean_predicted": 1291.93215641892
}