{
  "model": "RandomForest",
  "auc": 0.923342391063013,
  "precision": 0.9842212375888119,
  "recall": 0.9860210187559713,
  "f1": 0.9848650736394486,
  "support": 19887
}