{
  "MAE": 1375.5822408783772,
  "R2": 0.6618158348692309,
  "mean_actual": 2404.9614189189188,
  "mean_predicted": 1291.9321564189204
}