{
  "model": "LogisticRegression",
  "auc": 0.906402864500631,
  "precision": 0.979596381886516,
  "recall": 0.8924422989892895,
  "f1": 0.9296655568160691,
  "support": 19887
}