{
  "MAE_days": 393.7043397143944,
  "R2": -1.516374389686015,
  "residual_median": -139.863,
  "residual_p20": -539.0704,
  "residual_p80": 33.886800000000065
}